CHANNEL_NAME,SKU_NAME,MODEL_DESC,COEFFICENT,COEFF_CHECK_FLAG,PRIORITY,VOL_CHANGE,PRICE_CHANGE,ELASTICITY,MODEL_NAME,MAPE_PERC_TEST,MAPE_PERC_TRAIN,R2_OVERALL,R2_TEST,R2_TRAIN,P1_MIN,P1_MAX,P2_MIN,P2_MAX,PE_RANGE_CHECK_1,PE_RANGE_CHECK_2,PE_RANGE_CHECK_OVERALL,PROXY_SKU,FINAL_PE,PROXY_SOURCE,FINAL_PE_SOURCE
MT,ADES TETRAPACK NR 946,_prices_covid_4_comp_var_temp_max_bc_inflation_wt_price_,"","",2,-0.006671,0.008932,-0.746865,nprophet,1.2529956382127898,1.397661799831688,0.8478799483535924,0.30867857220620687,0.840969282543306,-1.0,-0.5,-1.5,-0.5,1,2,1,"",-0.746865,"",PVP
MT,BRISA BOLSA DE PLASTICO NR 6000,_prices_covid_4_comp_var_temp_max_bc_inflation_ms_price_,"","",1,0.016433,-0.009063,-1.813197,nprophet,0.7570906755938247,0.9442986996839381,0.9981079557505167,0.2537975323126008,0.9982692129089444,-2.5,-1.5,-3.5,-1.5,1,2,1,"",-1.813197,"",PVP
MT,BRISA CON GAS PET NR 600,_prices_covid_4_comp_var_precipitation_bc_gdp_ms_price_,"","",7,0.010176,-0.009391,-1.083591,nprophet,7.778996412937348,2.2860037306169136,0.9915986597911274,-14.871057698244693,0.9963654189956089,-1.5,-1.0,-2.0,-1.0,1,2,1,"",-1.083591,"",PVP
MT,BRISA PET NR 1000,_prices_covid_4_comp_var_bc_inflation_ms_price_,"","",13,0.019884,-0.011198,-1.775674,fbprophet,2.482337776724635,0.8067209390705458,0.997473963313782,-3.820669843667172,0.9987794661519611,-2.5,-1.5,-3.5,-1.5,1,2,1,"",-1.775674,"",PVP
MT,BRISA PET NR 280,_prices_covid_4_comp_var_coverage_gdp_ms_price_,"","",35,0.010543,-0.009728,-1.083779,nprophet,1.1060956670594755,1.3722832505395213,0.9962263963908387,-1.635517454687553,0.9966173479320414,-1.5,-1.0,-2.0,-1.0,1,2,1,"",-1.083779,"",PVP
MT,BRISA PET NR 3000,_prices_covid_4_comp_var_bc_gdp_ms_price_,"","",15,-0.014989,0.008742,-1.714596,nprophet,3.937725144191754,2.1582278006186093,0.9913812583888644,-16.77700212281506,0.9938406473793484,-2.5,-1.5,-3.5,-1.5,1,2,1,"",-1.714596,"",PVP
MT,BRISA PET NR 600,_prices_covid_4_comp_var_precipitation_bc_ms_price_,[-1.234317 0.429559 -0.200408 0.264102 2.66809 0.006267],1.0,19,"","",-1.234317,mvr,2.202580329051223,45.8180620975545,0.9809580785931244,-1.5916084743373453,0.9799707899975039,-1.5,-1.0,-2.0,-1.0,1,2,1,"",-1.234317,"",PVP
MT,BRISA PET NR 6000,_prices_covid_4_comp_var_temp_max_bc_gdp_,"","",11,0.053782,-0.024381,-2.205898,fbprophet,1.4604629482517395,0.6802418666347274,0.9986364257452501,-0.5454793821627106,0.9991246771666817,-2.5,-1.5,-3.5,-1.5,1,2,1,"",-2.205898,"",PVP
MT,BRISA SABORIZADA PET NR 1500,_prices_covid_4_comp_var_bc_gdp_ms_price_,"","",15,0.020233,-0.012516,-1.616571,nprophet,1.1054985482370387,1.4662577700969788,0.9957236740829808,-0.23243259886774315,0.9961921809476024,-2.5,-1.5,-3.5,-1.5,1,2,1,"",-1.616571,"",PVP
MT,BRISA SABORIZADA PET NR 280,_prices_covid_4_comp_var_precipitation_bc_wt_price_,"","",20,0.014977,-0.013338,-1.122882,nprophet,1.891620703152685,1.3375677668606862,0.9996449115892752,-3.72699846349896,0.9996293348667151,-1.5,-1.0,-2.0,-1.0,1,2,1,"",-1.122882,"",PVP
MT,BRISA SABORIZADA PET NR 600,_prices_covid_4_comp_var_temp_max_bc_inflation_ms_price_,"","",1,0.002683,-0.002557,-1.049276,nprophet,3.8244468361054933,1.9200629957777149,0.9947428699631533,-6.372579628388847,0.9969396312204077,-1.5,-1.0,-2.0,-1.0,1,2,1,"",-1.049276,"",PVP
MT,COCA-COLA ALUMINIO NR 235,_prices_covid_4_comp_var_temp_max_bc_wt_price_,[-0.508455 -0.568473 -0.0 -4.267451 -1.742042 -0.879024],1.0,18,"","",-0.508455,mvr,6.120737690473053,2.6744106031269146,0.4876122345451124,-46.51774189472765,0.6653096623642256,-1.0,-0.5,-1.5,-0.5,1,2,1,"",-0.508455,"",PVP
MT,COCA-COLA LIGHT PET NR 1500,_prices_covid_4_comp_var_precipitation_bc_wt_price_,"","",20,-0.014382,0.007701,-1.86755,fbprophet,5.462047176985561,1.833465812352369,0.9877850418362623,-23.393921911240085,0.9972146392170465,-2.5,-1.5,-3.0,-1.0,1,2,1,"",-1.86755,"",PVP
MT,COCA-COLA LIGHT PET NR 600,_prices_covid_4_comp_var_precipitation_bc_inflation_,[-0.544788 0.070735 -0.0 0.141169 1.822452 -0.773075],1.0,10,"","",-0.544788,mvr,1.263303611670768,6.093494570252205,0.995285375973089,0.0,0.9952143228900526,-1.0,-0.5,-1.5,-0.5,1,2,1,"",-0.544788,"",PVP
MT,COCA-COLA LIGHT VIDRIO NR 300,_prices_covid_4_comp_var_bc_inflation_wt_price_,[-0.76994 0.046009 -0.0 1.530653 -0.134916 0.702595],1.0,14,"","",-0.76994,mvr,0.09406515546241333,4.799281700812021,0.9983493739343376,0.0,0.9983079626731765,-1.0,-0.5,-1.5,-0.5,1,2,1,"",-0.76994,"",PVP
MT,COCA-COLA PET NR 1500,_prices_covid_4_comp_var_temp_max_coverage_gdp_wt_price_,[-2.69906 -0.048224 -0.281835 -0.138413 -0.397708 2.392456 -0.302548],1.0,26,"","",-2.69906,mvr,1.0349477975095835,1.6223835903227357,0.7853288375890699,0.7124159884977309,0.7827768659578249,-2.5,-1.5,-3.0,-1.0,0,2,2,"",-2.69906,"",PVP
MT,COCA-COLA PET NR 250,_prices_covid_4_comp_var_precipitation_bc_gdp_ms_price_,[-0.94664 0.042855 -0.0 0.077879 1.675406 0.869944 -2.276324],1.0,7,"","",-0.94664,mvr,3.2623951365248343,2.195595985313978,0.6719084497126202,-0.006029220644611533,0.6992940209821535,-1.0,-0.5,-1.5,-0.5,1,2,1,"",-0.94664,"",PVP
MT,COCA-COLA PET NR 2500,_prices_covid_4_comp_var_coverage_gdp_ms_price_,[-1.901794 0.158353 -0.858294 0.695575 1.118989 -0.02625],1.0,35,"","",-1.901794,mvr,0.7836152437005205,2.113555373335988,0.5911371905124803,0.9149799181500105,0.5598197997436716,-2.5,-1.5,-3.0,-1.0,1,2,1,"",-1.901794,"",PVP
MT,COCA-COLA PET NR 3000,_prices_covid_4_comp_var_coverage_gdp_wt_price_,[-2.075977 -0.095868 -0.622044 -0.426859 1.54334 0.054249],1.0,36,"","",-2.075977,mvr,2.183438283157623,2.384371953728209,0.36073077681417065,0.4479846136477341,0.33363985950187636,-2.5,-1.5,-3.0,-1.0,1,2,1,"",-2.075977,"",PVP
MT,COCA-COLA PET NR 400,_prices_covid_4_comp_var_precipitation_bc_ms_price_,[-0.749465 0.388679 -3.444917 0.08502 2.906837 -0.987966],1.0,19,"","",-0.749465,mvr,2.5095427343884915,17.63809117975306,0.9727492896708136,0.7344440887327921,0.9715037750216927,-1.0,-0.5,-1.5,-0.5,1,2,1,"",-0.749465,"",PVP
MT,COCA-COLA PET NR 600,_prices_covid_4_comp_var_precipitation_bc_inflation_ms_price_,[-0.912586 0.151311 -0.0 -0.05081 5.846705 1.78922 0.471606],1.0,3,"","",-0.912586,mvr,0.45641031140321386,2.1664357544627135,0.12606831086083536,0.7102598751330623,0.10688689264232376,-1.0,-0.5,-1.5,-0.5,1,2,1,"",-0.912586,"",PVP
MT,COCA-COLA SIN AZUCAR ALUMINIO NR 235,_prices_covid_4_comp_var_temp_max_coverage_gdp_ms_price_,"","",25,-8.33E-4,0.001574,-0.529225,nprophet,1.196514664851645,1.1831200518988512,0.7679551384140587,-0.6628014754412659,0.788334673974408,-1.0,-0.5,-1.5,-0.5,1,2,1,"",-0.529225,"",PVP
MT,COCA-COLA SIN AZUCAR ALUMINIO NR 269,_prices_covid_4_comp_var_temp_max_bc_gdp_,[-0.670594 -0.040874 -0.0 -0.191739 2.054638 -0.062167],1.0,11,"","",-0.670594,mvr,0.6308699836637498,3.8953549567712207,0.9965876168174712,0.0,0.9965229398462667,-1.0,-0.5,-1.5,-0.5,1,2,1,"",-0.670594,"",PVP
MT,COCA-COLA SIN AZUCAR PET NR 1500,_prices_covid_4_comp_var_temp_max_bc_inflation_wt_price_,[-1.724796 -0.482052 -0.0 -3.550541 3.448851 3.022174 0.066113],1.0,2,"","",-1.724796,mvr,1.1443164315739938,2.089115202539767,0.9888011386141381,-4.962803625331794,0.989226008133546,-2.5,-1.5,-3.0,-1.0,1,2,1,"",-1.724796,"",PVP
MT,COCA-COLA SIN AZUCAR PET NR 1750,_prices_covid_4_comp_var_coverage_gdp_ms_price_,"","",35,0.0404,-0.036815,-1.097379,nprophet,4.705505484489379,60.095005559447955,0.9449207202732987,0.0,0.9429699535928762,-2.5,-1.5,-3.0,-1.0,0,2,2,"",-1.097379,"",PVP
MT,COCA-COLA SIN AZUCAR PET NR 250,_prices_covid_4_comp_var_bc_gdp_wt_price_,"","",16,0.009789,-0.014116,-0.693468,fbprophet,1.5487524598111095,0.7219571699533471,0.9998828584193201,-0.7683388195936136,0.9999139889053104,-1.0,-0.5,-1.5,-0.5,1,2,1,"",-0.693468,"",PVP
MT,COCA-COLA SIN AZUCAR PET NR 2500,_prices_covid_4_comp_var_temp_max_bc_gdp_,[-1.507531 -0.162367 0.0 -0.997108 -1.743022 0.661565],1.0,11,"","",-1.507531,mvr,0.8656941899835301,1.8101088783034704,0.4675092950140204,0.23161561218659943,0.47157906034301933,-2.5,-1.5,-3.0,-1.0,1,2,1,"",-1.507531,"",PVP
MT,COCA-COLA SIN AZUCAR PET NR 3000,_prices_covid_4_comp_var_temp_max_bc_wt_price_,"","",18,0.008129,-0.003973,-2.046061,nprophet,3.471496658883956,27.148551811410986,0.9990728022957189,0.0,0.9992175135579021,-2.5,-1.5,-3.0,-1.0,1,2,1,"",-2.046061,"",PVP
MT,COCA-COLA SIN AZUCAR PET NR 400,_prices_covid_4_comp_var_bc_gdp_wt_price_,[-0.660387 -0.186213 0.0 1.305361 4.474487 0.966194],1.0,16,"","",-0.660387,mvr,10.346270276636691,29.05013046984919,0.984333175317481,-80.31428245722347,0.9857537146917458,-1.0,-0.5,-1.5,-0.5,1,2,1,"",-0.660387,"",PVP
MT,COCA-COLA SIN AZUCAR PET NR 600,_prices_covid_4_comp_var_precipitation_coverage_inflation_,[-0.841944 0.110814 0.0 -0.030958 0.12421 0.315864],1.0,30,"","",-0.841944,mvr,0.7799007856420886,1.5608863013196412,0.08117530435677056,-0.16509747265625152,0.08502818495754882,-1.0,-0.5,-1.5,-0.5,1,2,1,"",-0.841944,"",PVP
MT,COCA-COLA SIN AZUCAR VIDRIO NR 300,_prices_covid_4_comp_var_precipitation_bc_inflation_ms_price_,"","",3,0.010249,-0.008343,-1.228455,nprophet,1.7221995793110172,5.683296442679046,0.9938357927791756,-1.3960633164682013,0.9939338206532461,-1.0,-0.5,-1.5,-0.5,0,2,2,"",-1.228455,"",PVP
MT,COCA-COLA VIDRIO NR 300,_prices_covid_4_comp_var_precipitation_bc_inflation_,[-0.582772 -0.06227 0.0 -0.157566 4.897453 5.044491],1.0,10,"","",-0.582772,mvr,0.8310264904596604,2.2178290163812573,0.7389316217968719,0.058736316946994105,0.7011253564280613,-1.0,-0.5,-1.5,-0.5,1,2,1,"",-0.582772,"",PVP
MT,DEL VALLE PET NR 1000,_prices_covid_4_comp_var_bc_inflation_ms_price_,[-0.824673 0.22829 -2.194865 2.089516 -1.228386 -0.069625],1.0,13,"","",-0.824673,mvr,0.36534713679251474,4.926690415863442,0.9983139491440478,0.0,0.9980466307242895,-1.0,-0.5,-1.5,-0.5,1,2,1,"",-0.824673,"",PVP
MT,DEL VALLE PET NR 1500,_prices_covid_4_comp_var_temp_max_bc_inflation_wt_price_,"","",2,0.029853,-0.012032,-2.481134,nprophet,2.1062931857975826,1.5417969840292878,0.9494282116430853,0.671713789557987,0.9599879162016118,-2.5,-1.5,-3.0,-1.0,1,2,1,"",-2.481134,"",PVP
MT,DEL VALLE PET NR 250,_prices_covid_4_comp_var_bc_gdp_wt_price_,[-0.950778 -0.026174 -1.721645 1.512706 -0.028537 1.062785],1.0,16,"","",-0.950778,mvr,3.3905138519336555,4.246072394772278,0.9971289804988076,0.9791937617298255,0.9974319826436783,-1.0,-0.5,-1.5,-0.5,1,2,1,"",-0.950778,"",PVP
MT,DEL VALLE PET NR 2500,_prices_covid_4_comp_var_temp_max_bc_gdp_,"","",11,0.011245,-0.007363,-1.527231,nprophet,0.4588463608475193,1.092295006499187,0.74590306927244,0.7972066437471608,0.71541341199527,-2.5,-1.5,-3.0,-1.0,1,2,1,"",-1.527231,"",PVP
MT,DEL VALLE PET NR 400,_prices_covid_4_comp_var_precipitation_bc_inflation_,[-0.506302 0.867451 -1.160626 -0.144284 1.608655 6.181858],1.0,10,"","",-0.506302,mvr,6.183220866920482,19.05315616173044,0.9911266233815398,0.5849146671061991,0.9895569053776021,-1.0,-0.5,-1.5,-0.5,1,2,1,"",-0.506302,"",PVP
MT,DEL VALLE PET NR 500,_prices_covid_4_comp_var_temp_max_bc_inflation_ms_price_,[-0.642542 0.043885 -0.517269 1.018064 -6.216226 0.180145 -0.02818],1.0,1,"","",-0.642542,mvr,0.8803992271311543,2.155053397764439,0.4368695731016392,-1.66234858129613,0.36972981439237906,-1.0,-0.5,-1.5,-0.5,1,2,1,"",-0.642542,"",PVP
MT,DEL VALLE TETRAPACK NR 188,_prices_covid_4_comp_var_precipitation_coverage_gdp_,"","",32,0.006153,-0.005654,-1.088256,nprophet,8.372287551639335,1.1730321901986815,0.9982680217097551,-4.398444861191951,0.9997315214327726,-1.0,-0.5,-1.5,-0.5,0,2,2,"",-1.088256,"",PVP
MT,FANTA ALUMINIO NR 235,_prices_covid_4_comp_var_temp_max_coverage_gdp_,[-0.572568 0.400268 0.0 1.847543 1.864139 0.494575],1.0,31,"","",-0.572568,mvr,2.4921879637923827,2.8770372550325285,0.9986661956533072,0.2201658328066256,0.9985634524384219,-1.0,-0.5,-1.5,-0.5,1,2,1,"",-0.572568,"",PVP
MT,FANTA PET NR 1500,_prices_covid_4_comp_var_temp_max_coverage_inflation_wt_price_,[-1.933145 -0.02179 -3.218701 0.001898 2.252182 0.049658 2.930707],1.0,22,"","",-1.933145,mvr,0.07824583291239044,0.22471940878957294,0.9999744130134872,0.0,0.9999740090216106,-2.5,-1.5,-3.0,-1.0,1,2,1,"",-1.933145,"",PVP
MT,FUZE PET NR 1200,_prices_covid_4_comp_var_temp_max_bc_inflation_,[-1.582719 0.151715 -0.70371 2.839484 3.172691 4.001506],1.0,9,"","",-1.582719,mvr,7.206205163836107,1.93187415155839,0.9868956666433102,-25.73097136848704,0.9942992092218896,-2.5,-1.5,-3.0,-1.0,1,2,1,"",-1.582719,"",PVP
MT,FUZE PET NR 400,_prices_covid_4_comp_var_precipitation_bc_ms_price_,"","",19,-0.0016,0.002456,-0.651466,fbprophet,4.448996888892638,1.1970544637407796,0.9932887953032026,-20.290998836273623,0.9974647103487204,-1.0,-0.5,-1.5,-0.5,1,2,1,"",-0.651466,"",PVP
MT,MANANTIAL CON GAS PET NR 600,_prices_covid_4_comp_var_temp_max_bc_inflation_ms_price_,[-1.203073 -0.36471 -2.299832 -4.150818 1.632307 -0.061503 2.077191],1.0,1,"","",-1.203073,mvr,4.030300232104236,4.0859289099338625,0.9753175822224,-11.525115315498825,0.9781479350932654,-1.5,-1.0,-2.0,-1.0,1,2,1,"",-1.203073,"",PVP
MT,MANANTIAL PET NR 1500,_prices_covid_4_comp_var_coverage_gdp_wt_price_,"","",36,0.015411,-0.006167,-2.498946,fbprophet,1.8432855155221004,0.5296264593201344,0.9986856861514326,-3.1103779041048307,0.9995535145224831,-2.5,-1.5,-3.5,-1.5,1,2,1,"",-2.498946,"",PVP
MT,MANANTIAL PET NR 600,_prices_covid_4_comp_var_precipitation_bc_wt_price_,"","",20,0.007364,-0.005171,-1.424096,fbprophet,3.9413988582282498,1.0803773521875166,0.9932184856943493,-30.052592257643802,0.9974657446061048,-1.5,-1.0,-2.0,-1.0,1,2,1,"",-1.424096,"",PVP
MT,MANANTIAL VIDRIO NR 500,_prices_covid_4_comp_var_precipitation_bc_gdp_ms_price_,"","",7,0.010421,-0.009569,-1.089038,nprophet,1.5622498256990502,1.3042711148017039,0.9996524029284536,-1.5115857444072538,0.9997170712262464,-1.5,-1.0,-2.0,-1.0,1,2,1,"",-1.089038,"",PVP
MT,MONSTER ALUMINIO NR 473,_prices_covid_4_comp_var_precipitation_coverage_gdp_ms_price_,[-0.552071 -0.235657 0.0 -0.27565 -0.011719 2.034878 -1.447254],1.0,27,"","",-0.552071,mvr,1.5629545399841498,2.709051121279514,0.7842246367016814,0.7536898646422862,0.7514342093475983,-1.0,-0.5,-1.5,-0.5,1,2,1,"",-0.552071,"",PVP
MT,POWERADE PET NR 500,_prices_covid_4_comp_var_precipitation_bc_inflation_ms_price_,[-0.656954 -0.202128 -0.119269 -0.330401 14.624702 3.299332 -0.777908],1.0,3,"","",-0.656954,mvr,1.282759370163096,2.530832634956327,0.776616411119437,0.1164681380471051,0.746224473828905,-1.0,-0.5,-1.5,-0.5,1,2,1,"",-0.656954,"",PVP
MT,PREMIO PET NR 1750,_prices_covid_4_comp_var_bc_gdp_ms_price_,[-1.067018 0.036805 -0.939321 3.324103 0.132098 -0.078216],1.0,15,"","",-1.067018,mvr,0.5930197222173474,4.866354810558448,0.9981600558669215,0.0,0.9977684884577358,-2.5,-1.5,-3.0,-1.0,0,2,2,"",-1.067018,"",PVP
MT,PREMIO PET NR 3000,_prices_covid_4_comp_var_precipitation_coverage_gdp_ms_price_,[-1.728794 0.254249 -1.693175 -0.15333 4.088524 0.078499 0.286288],1.0,27,"","",-1.728794,mvr,0.2386187348354189,3.82489090476976,0.9979163132461311,0.0,0.9977680868028437,-2.5,-1.5,-3.0,-1.0,1,2,1,"",-1.728794,"",PVP
MT,PREMIO PET NR 400,_prices_covid_4_comp_var_precipitation_bc_inflation_,"","",10,-0.00241,0.004238,-0.568664,nprophet,11.194183372549693,4.477055873839821,0.9959426173517761,0.0,0.9982949805792337,-1.0,-0.5,-1.5,-0.5,1,2,1,"",-0.568664,"",PVP
MT,QUATRO ALUMINIO NR 330,_prices_covid_4_comp_var_precipitation_bc_inflation_,[-0.551558 0.357507 -0.968821 0.471151 1.69939 -5.692997],1.0,10,"","",-0.551558,mvr,1.1961855362727787,9.033957308952779,0.9954788555378089,0.0,0.994757142892614,-1.0,-0.5,-1.5,-0.5,1,2,1,"",-0.551558,"",PVP
MT,QUATRO PET NR 1250,_prices_covid_4_comp_var_temp_max_bc_gdp_,"","",11,-0.005383,0.002849,-1.889435,nprophet,2.135616134224567,2.09860190088683,0.9988776946432439,0.0,0.9990111820300778,-2.5,-1.5,-3.0,-1.0,1,2,1,"",-1.889435,"",PVP
MT,QUATRO PET NR 1500,_prices_covid_4_comp_var_precipitation_bc_gdp_wt_price_,"","",8,0.051259,-0.029557,-1.734242,fbprophet,3.770062785545915,0.4690889694760639,0.9996207219123877,-0.042496385305281104,0.9999652478399927,-2.5,-1.5,-3.0,-1.0,1,2,1,"",-1.734242,"",PVP
MT,QUATRO PET NR 1750,_prices_covid_4_comp_var_precipitation_bc_gdp_wt_price_,"","",8,0.057191,-0.057129,-1.001085,nprophet,13.16505954605452,1.5786884432801216,0.9965367888146032,0.0,0.9994913625041343,-2.5,-1.5,-3.0,-1.0,0,2,2,"",-1.001085,"",PVP
MT,QUATRO PET NR 3000,_prices_covid_4_comp_var_temp_max_coverage_wt_price_,"","",38,0.020298,-0.01213,-1.673372,nprophet,1.7605151114464206,1.2979822448763134,0.8505201074074493,0.09334460653673815,0.8691704704334018,-2.5,-1.5,-3.0,-1.0,1,2,1,"",-1.673372,"",PVP
MT,QUATRO PET NR 400,_prices_covid_4_comp_var_precipitation_bc_gdp_,[-0.868754 0.089325 -2.616147 0.043983 8.49148 2.070349],1.0,12,"","",-0.868754,mvr,0.5974552239591856,2.02349546108996,0.8252752205735909,0.6108826816164512,0.8014812378038125,-1.0,-0.5,-1.5,-0.5,1,2,1,"",-0.868754,"",PVP
MT,QUATRO SIN AZUCAR PET NR 1500,_prices_covid_4_comp_var_precipitation_bc_inflation_,[-2.477695 0.091976 -0.0 0.043016 4.349664 0.950668],1.0,10,"","",-2.477695,mvr,1.979275487928143,0.8331841706682781,0.999761543611948,0.1763352196149014,0.9997928701243123,-2.5,-1.5,-3.0,-1.0,1,2,1,"",-2.477695,"",PVP
MT,QUATRO SIN AZUCAR PET NR 1750,_prices_covid_4_comp_var_bc_inflation_ms_price_,[-1.70547 -0.007172 -0.0 4.234109 0.018772 -1.364791],1.0,13,"","",-1.70547,mvr,0.002780196602844515,0.5050427157803747,0.9998271614546649,0.0,0.9998186892227368,-2.5,-1.5,-3.0,-1.0,1,2,1,"",-1.70547,"",PVP
MT,ROMAN ALUMINIO NR 235,_prices_covid_4_comp_var_bc_gdp_ms_price_,[-0.922512 -0.021447 0.0 1.507316 -0.494992 0.033708],1.0,15,"","",-0.922512,mvr,2.174482602787081,2.6795273943489706,0.22724556300379273,0.4558932403416047,0.18105606398151752,-1.0,-0.5,-1.5,-0.5,1,2,1,"",-0.922512,"",PVP
MT,ROMAN PET NR 1500,_prices_covid_4_comp_var_precipitation_bc_ms_price_,"","",19,0.068096,-0.027461,-2.479735,fbprophet,2.857678875675398,0.597602804672667,0.999793436011861,-0.9918453574688237,0.9999378552403103,-2.5,-1.5,-3.0,-1.0,1,2,1,"",-2.479735,"",PVP
MT,ROMAN PET NR 3000,_prices_covid_4_comp_var_precipitation_bc_ms_price_,"","",19,0.016818,-0.009858,-1.706026,nprophet,3.1022944914414667,1.495569688726685,0.7613357407930474,-0.10188729326371804,0.8284514992986416,-2.5,-1.5,-3.0,-1.0,1,2,1,"",-1.706026,"",PVP
MT,ROMAN PET NR 400,_prices_covid_4_comp_var_temp_max_bc_gdp_ms_price_,[-0.585278 0.330167 -1.953852 2.775253 0.927249 2.195242 0.696045],1.0,5,"","",-0.585278,mvr,1.3444197403950722,1.8146718809715883,0.8064061298073277,0.5639612446976616,0.7876093677163787,-1.0,-0.5,-1.5,-0.5,1,2,1,"",-0.585278,"",PVP
MT,ROMAN ZERO PET NR 1500,_prices_covid_4_comp_var_bc_inflation_wt_price_,"","",14,-0.054406,0.03481,-1.562942,fbprophet,2.1406191980040017,11.18010221999803,0.9992597029999274,0.3711549607870721,0.9992965301659451,-2.5,-1.5,-3.0,-1.0,1,2,1,"",-1.562942,"",PVP
MT,SCHWEPPES ALUMINIO NR 269,_prices_covid_4_comp_var_temp_max_bc_gdp_,[-0.686835 0.080999 -0.454634 -0.080793 1.903817 0.2192],1.0,11,"","",-0.686835,mvr,1.6936752686126353,1.3147218807977212,0.9996080656440144,0.6567145549343596,0.9996026321475201,-1.0,-0.5,-1.5,-0.5,1,2,1,"",-0.686835,"",PVP
MT,SCHWEPPES PET NR 1500,_prices_covid_4_comp_var_coverage_inflation_wt_price_,"","",34,0.005471,-0.002461,-2.22308,fbprophet,0.33349964864798937,0.30093192343887115,0.9999840234382852,0.502770353040313,0.9999830097869193,-2.5,-1.5,-3.0,-1.0,1,2,1,"",-2.22308,"",PVP
MT,SCHWEPPES PET NR 1750,_prices_covid_4_comp_var_precipitation_coverage_gdp_wt_price_,"","",28,-0.05777,0.025114,-2.300311,fbprophet,12.375039371756918,6.180374828959955,0.9945067495726523,0.0,0.9981212369886298,-2.5,-1.5,-3.0,-1.0,1,2,1,"",-2.300311,"",PVP
MT,SCHWEPPES PET NR 400,_prices_covid_4_comp_var_precipitation_bc_gdp_,[-0.627911 -0.21306 -1.486476 -0.100783 1.84937 3.013185],1.0,12,"","",-0.627911,mvr,1.075569610994883,2.5182636552479427,0.998693005730524,0.6733525369769289,0.9986677741783108,-1.0,-0.5,-1.5,-0.5,1,2,1,"",-0.627911,"",PVP
MT,SPRITE ALUMINIO NR 330,_prices_covid_4_comp_var_coverage_inflation_wt_price_,[-0.559131 0.565414 -0.600377 3.906009 -2.299353 -2.85214],1.0,34,"","",-0.559131,mvr,0.637803627759678,22.796606797478567,0.9814538619489461,0.0,0.9794372957017706,-1.0,-0.5,-1.5,-0.5,1,2,1,"",-0.559131,"",PVP
MT,SPRITE PET NR 1500,_prices_covid_4_comp_var_precipitation_bc_gdp_wt_price_,"","",8,0.032783,-0.020796,-1.576409,fbprophet,1.9440109859418144,0.42687729477216024,0.9998184841890084,-1.5487679204749303,0.9999678844059816,-2.5,-1.5,-3.0,-1.0,1,2,1,"",-1.576409,"",PVP
MT,SPRITE PET NR 1750,_prices_covid_4_comp_var_temp_max_bc_wt_price_,"","",18,-0.016051,0.00762,-2.10643,nprophet,12.710877461438278,3.1992956053532415,0.9966443068705169,0.0,0.9990661849899966,-2.5,-1.5,-3.0,-1.0,1,2,1,"",-2.10643,"",PVP
MT,SPRITE PET NR 3000,_prices_covid_4_comp_var_temp_max_bc_wt_price_,"","",18,0.017525,-0.011569,-1.514824,nprophet,2.5583577235328216,1.34833243661181,0.8453124685933987,-1.2649882603359743,0.8834103529092933,-2.5,-1.5,-3.0,-1.0,1,2,1,"",-1.514824,"",PVP
MT,SPRITE PET NR 400,_prices_covid_4_comp_var_coverage_gdp_wt_price_,[-0.744625 0.043402 -2.934867 -0.333019 2.415748 -0.17924],1.0,36,"","",-0.744625,mvr,0.6777973024323181,2.2816873614395488,0.8075079018349796,0.530306057497254,0.7823279912507493,-1.0,-0.5,-1.5,-0.5,1,2,1,"",-0.744625,"",PVP
MT,SPRITE SIN AZUCAR PET NR 1500,_prices_covid_4_comp_var_temp_max_bc_inflation_wt_price_,"","",2,-0.022598,0.013731,-1.645765,fbprophet,1.780132073139527,0.2861196190199923,0.9999154994450594,-0.28256530642806243,0.9999818531007871,-2.5,-1.5,-3.0,-1.0,1,2,1,"",-1.645765,"",PVP
MT,SPRITE SIN AZUCAR PET NR 1750,_prices_covid_4_comp_var_bc_inflation_wt_price_,"","",14,-0.027403,0.011825,-2.317378,fbprophet,5.36683665306006,15.325837466024334,0.9963339691661002,0.0,0.9974432708040732,-2.5,-1.5,-3.0,-1.0,1,2,1,"",-2.317378,"",PVP
MT,COCA-COLA SIN AZUCAR REF PET RETORNABLE 2000,"","","","","","","","","","","","","","","","","","","","",COCA-COLA SIN AZUCAR PET NR 1750,-1.097379,Cosine_Proxy,PROXY
MT,COCA-COLA SIN AZUCAR PET NR 200,"","","","","","","","","","","","","","","","","","","","",COCA-COLA SIN AZUCAR PET NR 250,-0.693468,Cosine_Proxy,PROXY
MT,MANANTIAL CON GAS VIDRIO NR 300,"","","","","","","","","","","","","","","","","","","","",MANANTIAL CON GAS PET NR 600,-1.203073,Cosine_Proxy,PROXY
MT,COCA-COLA REF PET RETORNABLE 2000,"","","","","","","","","","","","","","","","","","","","",COCA-COLA PET NR 2500,-1.901794,Cosine_Proxy,PROXY
MT,DEL VALLE TETRAPACK NR 946,"","","","","","","","","","","","","","","","","","","","",DEL VALLE TETRAPACK NR 188,-1.088256,Cosine_Proxy,PROXY
MT,DEL VALLE TETRAPACK NR 200,"","","","","","","","","","","","","","","","","","","","",DEL VALLE TETRAPACK NR 188,-1.088256,Cosine_Proxy,PROXY
MT,SCHWPS-S/A ALUMINIO NR 269,"","","","","","","","","","","","","","","","","","","","",SPRITE ALUMINIO NR 330,-0.559131,Cosine_Proxy,PROXY
MT,MANANTIAL VIDRIO NR 300,"","","","","","","","","","","","","","","","","","","","",MANANTIAL VIDRIO NR 500,-1.089038,Cosine_Proxy,PROXY
MT,SPRITE SIN AZUCAR PET NR 400,"","","","","","","","","","","","","","","","","","","","",PREMIO PET NR 400,-0.568664,Cosine_Proxy,PROXY
MT,QUATRO SIN AZUCAR PET NR 400,"","","","","","","","","","","","","","","","","","","","",PREMIO PET NR 400,-0.568664,Cosine_Proxy,PROXY
MT,SCHWEPPES VIDRIO NR 300,"","","","","","","","","","","","","","","","","","","","",SCHWEPPES PET NR 400,-0.627911,Cosine_Proxy,PROXY
MT,ADES TETRAPACK NR 200,"","","","","","","","","","","","","","","","","","","","",ADES TETRAPACK NR 946,-0.746865,Cosine_Proxy,PROXY
MT,COCA-COLA PET NR 1750,"","","","","","","","","","","","","","","","","","","","",COCA-COLA PET NR 2500,-1.901794,Cosine_Proxy,PROXY
MT,SCHWPS-S/A PET NR 1500,"","","","","","","","","","","","","","","","","","","","",QUATRO PET NR 1250,-1.889435,Cosine_Proxy,PROXY
MT,ROMAN ZERO PET NR 400,"","","","","","","","","","","","","","","","","","","","",PREMIO PET NR 400,-0.568664,Cosine_Proxy,PROXY
MT,SPRITE PET NR 1250,"","","","","","","","","","","","","","","","","","","","",SPRITE PET NR 1500,-1.576409,Cosine_Proxy,PROXY
MT,ROMAN PET NR 1750,"","","","","","","","","","","","","","","","","","","","",ROMAN PET NR 1500,-2.479735,Cosine_Proxy,PROXY
